,0
0,"부산에서 다낭으로 출발하는 비행시간중에 유일하게 오전출발하는 항공사입니다.
다시 다낭을 간다고 하더라도 추천드리며, 이번 코로나19사태에도 잘 버티어 주었으면 좋겠습니다^^"
1,"특가로 저렴하게 예약해서 다녀왔어요
돌아올때 시간이 변경되었다고해서
아예 늦은 시간으로 바꿔서 왔네요
피곤하긴했는데 좌석이 엄청 편한게 아니고
뒷자리에서 아이가 몸뒤척이며 툭툭치는 바람에
푹잘수는 없었네요
그래도 비행시간도 짧고 가격 저렴하게 다녀와서 만족해요"
2,한국에 돌아올때 새벽에 인천에 들어온다...아침에 버스타고 회사에 가면 출근할수 있기 때문에 월요일에 오면 알찬 시간대에 올수 있는 비행기 입니다.
3,"주로 스얼을 타는 고객이지만, 가격이 싸게 나와 오키나와 노선을 이용했지만, 물을 달라고 했음에도 불구하고 면세품을 파느라 정신이 없어 물도 안주고 그냥 면세품을 열정적으로 파는게 눈에 보여 너무 별로였습니다. 물론 회사의 지시에 따라 승무원들이 움직이지만, 제 눈에는 너무 별로였고, 처음으로 타봤지만 서비스가 너무 별로여서 다시는 이용 안하고 있는 항공사 입니다. 다른 저가항공사에 비해 장점도 없고 가격은 타항공사 대비 메리트가 있는 것도 아니며, 그냥 많은 노선을 취항하지만, 다른 외항사 및 스얼항공사로도 대체가 가능한 노선이 대부분이기에 앞으로 이용할 생각은 없네요. 참고로, 여행시기는 4~5 년 되었습니다. 작년이 아님."
4,"토요일 저녁 6시 정도 출발하는 비행기를 탑승하여 출국을 했고,
목요일 새벽 0:25분에 출발하는 비행기를 탑승하여 입국하였습니다.
신기재에 시트도 가죽으로 되어 있어 탑승감은 쾌적하고 괜찮았습니다.
그렇지만 돌아오는 편은 새벽 비행기이다보니 생각보다 많이 피곤하더군요.
잠을 바로 자는 사람이면 안 불편하겠지만, 전 비행기 탑승하며 잠을 잘 못 자는 편이라 굉장히 피곤했습니다. 탑승 환경이 문제인 것이 아니라, 그 시간대 비행편 탑승의 어려움에 대해 얘기하는 것입니다. 가능하면 평소 사람이 깨어있는 시간에 탑승하는 편이 덜 피곤할 거 같습니다. 저가항공이라 6시간 이라도 당연히 앞에 모니터는 없습니다.
하지만 역시 장점이라면 가격이죠. 부산에서 싱가포르 직항으로 이동하는데 이 가격대는 엄청나게 매력이 있다고 생각합니다. 세계최고의 항공사라는 곳보다 절반 이상 저렴하게 탑승이 가능하니까요."
5,"짧으면 짧고, 길면 길다고 느껴질 2시간 반 정도의 비행을 제주항공으로 하였다.

블라디보스토크행이 성수기인지 사람들이 꽉 찬 상태로 이동을 하였고, 예매하기도 힘들었다.

비행은 편안하게 하였고, 다만 불편한 점은 좌석간 앞뒤 길이가 짧아 불편한점이 있었다."
6,"인천에서 오전 출발,
사이판에서 오후 출발하는
좋은 시간대의 좌석을 21만원에 득템!
나는 체구가 작은 편이라 좌석이 넉넉하게
느껴졌고, 판매하는 기내식도 비싸지 않고
맛있었다! 같은 금액대로 구매할 수 있다면
다음에도 또 탈 의향이 있다~"
7,"안녕하세요
제주항공은 저비용항공사를 표방하는 대표적인 항공사지만 이미 가격은 기존 국적항공사와 다를 바 없는 수준에 서비스는 전형적인 저비용항공사라 뭔가 좀 안 맞는 항공사라고 생각합니다
특히 도쿄 나리타노선은 저비용항공사 전용터미널인 3터미널에 취항하고 있어 도쿄 도심과 연결하기 위해 2터미널까지 이동해야 하는 불편이 있습니다
가격마져 점점 비싸지고 있어 저비용항공사로써 경쟁력은 별로 없어 보입니다"
8,"같은 노선의 진에어의 경우 좌석이 너무 좁았습니다. 무릎이 의자에 닿을 정도여서 통로측이 아니면 엄청 불편했습니다. 그에 비해 제주항공은 좌석 간격이 여유가 있어 편했습니다. 다만 진에어의 경우 간단한 스낵이 무료인데, 제주항공은 무조건 금액을 지불해야 합니다. 좌석의 편안함을 중요시하신다면 제주항공이 좋을 듯 합니다. 기내 와이파이는 잘 연결되지 않았습니다."
9,"개인, 공용 모니터 없고 와이파이를 통해 엔터테인먼트 프로그램 이용하라고 하는데 속도가 따라주지 않아 무용지물입니다. 전체적으로 낡고 시트는 쳐지고 엉덩이가 아픕니다. 화장실이 매우 좁습니다."
10,"저가항공을 통해 베트남 다낭으로 저렴히 다녀올 수 있어서 좋았습니다.
여름 휴가기간에 가기에 저녁에 출발하는 비행시간이 도움이 되었습니다.
한국어가 가능한 국내여행사를 이용하여 의사소통 등 전반적인 어려움은 없었습니다.
다만 복귀시에 1시간가량 연착이 있었는데, 자정 시간에 비행하는 밤비행기의 연착시간은 어린아이와 동반하는 여행에 조금의 어려움을 주었습니다."
11,"과거 지방에서 해외여행을 가려면, 수도권인 인천공항까지의 방문으로
인하여, 여행 출발 전 불필요한 소요시간이 발생하였으나
지방공항의 다양한 해외 취항으로 인하여
여행준비 및 시간을 효율적으로 활용할 수 있어서 너무 좋습니다.
좀 더 다양한 해외 여행지에 대한 취항이 이어지면 좋겠습니다."
12,"이번 태풍으로 결항 되었는데, 저가항공탓인지 아님 제주 항공의 문제인지 대응책이 아주 엉망이었습니다. 이번주 일요일 오후 6시 15분 비행기에 12시 30분 결항 사실을 알았으며 (외국 번호라 모바일 탑승 안내문자는 왔지만 결항 문자 메세지 알림톡 안온답니다 메일로 발송되서 아무 문제 없답니다.) 외국 번호라는 이유로 아침부터 제가 직접 계속 확인했습니다. 그 당시 고객센터 및 카톡 상담으로도 대체 항공편 마련 예정이 없으며 무료 변경 가능한 좌석은 다음주 일요일 같은 시간 뿐이고(일주일 뒤)다른 방법은 환불 두가지 말만 반복합니다. 저희는 외국에 살아 급하게 돌아가야 해서 다른 비행기표를 알아봐서 같은 항공편 화요일로 돌아가는 표를 50만원 더 주고 구매 하였고 정확히 7시간 후 오후 7시 15분에 대체 항공건이 다음날 오전 8시 35분에 있다고 메일이 왔네요 ~ (휴가라 메일을 확인하지 않아 다음날 아침에야 대체 항공편을 알았습니다) 처음부터 제가 물어봤을때 대체 항공편은 확실치 않으니 연락을 기다리라고 했다던지 확실한 안내가 있었으면 좋았을텐데 현재 할 수 있는 방법은 일주일 뒤 항공편의 좌석 교환 및 환불이라고 해 놓고 7시간 후에야 대체 항공편을 말하는 항공사를 도저히 이해가 어렵네요 항공사는 저렴하게 산 고객들을 환불해주고 비싼 가격에 며칠 안남은 항공권을 판매 하려고 시간을 번걸로 밖에 안보입니다. 일요일밖에 없다던 표가 화요일에도 버젓이 텅텅 빈채로 있네요 ^^;; 절대 다시는 평생 이용안할꺼 같습니다 ~

대한항공 결항때는 공항에 올필요도 없이 전화로하라고 해서 했더니 결항때 바로 대체 항공편 안내해주셨습니다ㅋㅋ 비교하면 안되는 항공사지만 진짜 차원이 다르네요"
13,"아침 5시 시간대 비행기 라서 그런지
체크인 카운터 부터 엉망ㅋㅋ
출발시간 50분전 됬는데도 그제서야 나리타가시는손님~
이러면서 뒤에서 불러서 체크인ㅋㅋㅋㅋㅋㅋㅋㅋㅋㅋ
여기가 대구공항이라 다행이지 다른공항이면 출국수속한다고 비행기 놓칠뻔^^ 승무원 복장 제한이 많이 풀린건 알겠는데 덕분에 서비스 정신도 많이 풀리신듯...ㅋㅋ
어떤 승무원 한분은 지나다니다가 고객하고 부딪혀도 쳐다보고 그냥가고 승객짐에 자기 허리 맞았다고 짐 올려놓다가 아아..막이러면서 10초동안 있음 물론 아픈건 알겠는데 뭔가 계속 태도가 영... 출입국종이도 거의 던지듯이줌
다른 승무원 한분은 향수 냄새가 너무 심해서 저기 멀리서 부터 코가 아플정도... 저도 향수많이 뿌리는 편이기는 한데 저보다 더심하신듯ㅋㅋㅋㅋㅋㅋㅋ... 전체적으로 답이없는듯"
14,"제주에서 PM 09:20 출발이었으나, 기상 악화로 PM 10:40에 출발했습니다.
원래 도착지는 김포였으나 김포공항은 PM 11:00 이후로는 이착륙이 금지돼있다고 해서 인천공항으로 도착하였습니다.
김포공항에 주차를 해놓았다고 하니 인천공항에서 셔틀버스로 서비스를 제공한다고 안내를 받았습니다.
강남, 강북, 김포 등 여러지역으로 셔틀을 운행하여 늦은 시각 도착하였으나 무사히 집에 올 수 있었습니다."
15,"이상하게 제주항공 비행기를 탈 때마다 연착이 되었는데 우연의 일치였는지는 모르겠다. 하지만 새벽시간에 연착이 계속 되는데 방송만 지나치다 싶게 하고 정확한 이유는 들을 수가 없어 불안감은 증폭되었다. 다행히 무사히 출발했지만 비행기 조명이 너무 세서 잠을 들 수도 없고 겨우 잠들었더니 깨워서 창문좀 닫으라고 하고 면세품 판매 방송을 하고...
지금까지 타 항공사를 백 번 넘게 이용하면서 이런 불편을 겪은 적이 없어 당황스러웠다
저렴한 가격과 가성비 넘치게 여행할 수 있는 스케줄이어서 선택했는데 후회가 된다"
16,가까운 거리라 저가항공 탔어요. 승무원들 친절하셨고 음료는 물만 줘요. 저가항공 답게 군더더기 다 빼고 실속있어요. 아이들 그림그리기 이벤트 중이라고 안내해주셔서 참여하느라 지루해하지 않았습니다
17,저가 항공 특성상 출발/도착 시간만 빼면 완전 만족한 비행이 었습니다 완전 가성비 최고 였고 제주항공이 우리나라 저가항공사 중 1위이고 이제 아시아나를 넘을거라는 기사가 있는데 그럴거면 이름을 다른걸로 바꾸는걸 추천합니다 아무튼 완전 좋아요
18,"승무원 분들은 친절하시고 감사했습니다...
티케팅할때 저는 비상구 자리여서 셀프체크인이 안되는데도 물어보지도않고 설프체크인부터 하라기에 여러번 시도하면서 또 다른직원한테 물었는데 될거라고 옆에서 잠깐보다가 가버리시고...도저히안되서 다시 줄로 돌아가서 비상구석이라고 말하니 그제서야 카운터로.. 안내해주시고...카운터 직원들도 힘들겠죠.. 당연히..근데 안좋은 눈빛과 말투가 첫 여행 스타트를 망칠뻔했습니다...
제주항공은 다른 저가항공과 다르다 생각했던게 제 착오였으니 다시 이용할 생각은 없습니다"
19,"다른 저가항공에 비해 조금 신뢰하는 항공사가 제주항공이라서 제주항공을 선택했어요.
기내에서 와이파이가 터진다는 방송이 나오고 핸드폰 연결해서 들어가봤는데 게임도 할수있고 TV프로그램도 볼수있게 잘 되어있어서 지루한 비행은 아니였던것 같아요. 승무원분들도 친절하셨고 서비스는 만족스러웠어요. 다만 조금 힘든거라면 기내식을 신청해서 기내식을 가져다주셨는데 아무래도 저가이고 공간이 좁다보니까 밥먹는것도 조금 힘들정도로 좁긴 하더라구요.."
20,"비행기가 지연되었지만 충분한 설명 없이 접속 지연이라는 말만 계속해서 탑승객들을 답답하게 만들었다. 좌석도 다른 저가항공사보다 조금 더 불편한 느낌이 들었다. 캐빈크루들의 서비스도 실망스러웠다. 일부 크루들은 본인들도 지쳤는지 귀찮다는 표정을 짓기도 했다. 좋았던 점은 화장실이 청결하고, 운항 기장의 능력이 뛰어났다."
21,"다른 저가항공에 비해 쾌적하고 좋은서비스를 제공하는거같더라구요!
다만 유료화시스템이 많아서 작은 서비스를 이용해야할때도 요금을 지불해야하더라구요! 괌가는 비행기라 아기들이 많아 너무 시끄러워 귀마개를 요청드렸는데
유로로 구매해야 하더라구요!
다른 저가항공에선 제공받은 적이있어서 그점이 좀 아쉬웠네요!"
22,오전 9시 30분 쯤 출발하는 비행이라 아침 일찍 공항에 도착해서 체크인 하는데 데스크 직원들이 친절하셨습니다. 승무원들도 친절하셨습니다. 비행기 탑승할 때 우클레레 연주하며 미소로 맞아주셨구요 비행중에 승무원들하고 게임을 하는 시간도 있었습니다. 저희 비행편에 울라라 세션이 사이판으로 공연간다고 탑승했는데 제자리 바로 앞에서 노래도 두 곡 불러서 재밌는 여행이 되었습니다. 다만 좌석이 저가 항공 답게 좀 좁아요. 돌아오는 비행편은 체크인할 때 비상구 자리로 배정을 해줘서 의자를 뒤로 젖히지는 못했지만 다리 공간이 넓어서 편하게 왔습니다. 저가 항공에서 많은 거를 바라지 않는다면 나쁘지는 않습니다.
23,"사이판가는 뱅기가 싸게 나와서 이용했습니다. 좌석은 조금 좁았지만 저도 키가작아서 괜찮았어요ㅎㅎ 그것보다 부산에서 출발하는 사이판가는 제주항공 시간이 밤비행기고 돌아오는 시간도 새벽이라 그게 조금 힘들었습니다.
(그리고 사이판 입국심사가...공항에 2시간 넘게 잡혀있었는것같은 느낌..??)"
24,"좁아도 너무 좁아요...이것저것 추가하다보면 가격도 올라가고..
앞 좌석이랑 간격이.. 저가 항공사는 역시 ㅜㅜ
그래도 비행시간 짧고 저렴하니 타긴합니다"
25,"국내공항 출발편에선 5F, 나리타공항 출발편에선 3F 좌석을 앉았는데 좌석 간격이 좁지 않았고, 앞좌석과 옆좌석이 빈자리여서 더욱 편했었습니다. (티웨이는 정말 좁았었습니다...) 수하물 없이 간다면 저렴한 가격에 해외를 나갔다 올 수 있는 점이 좋았습니다."
26,"1. 항공요금이 시시각각 바뀌는군요
저가 항공의 현실이라고 이해하려고 합니다.
항공요금이 아침,저녁, 그리고 매일마다 바뀌니 예매자들이 눈치 작전을 힐 수 밖에 없네요.
덕분에 운 좋으면 최저가의 찬스도 누릴 수 있구요

2. 출발시간을 못지켰네요
출발시간이 21:40분인데 22:10분에 출발했어요
다행인것은 도착시간은 준수했구요

3. 죄석이 너무 좁아요.
어쩔수 없다고 하기엔 좌석의 앞뒤간격이 많이 좁네요"
27,"저가항공답게 저렴하게 외국을 나갈수있었다....
좌석내 쫍아보이는건 딱히 불편한것도 없었지만

같은 비행에 누가 타느냐에 따라 정말 최악을 느낄수있다
가족단위로 오는 여행객때문에 4시간의 비행이 정말 40시간정도로 느껴짐
애기가 우는건 어쩔수 없지만

뒷좌석에 한 4살정도 되어보이는 남자놈이 4시간 내내 발로 차고 짜증내고 하는데....
엄마라는 사람은 제어도 불가능

인상을쓰고 쳐다봐도 그때뿐....

이럴꺼면 맨 뒷좌석에 타야하는건가....

스트레스 제대로 받은 여행"
28,"작년에 베트남항공이용했는데 이번에 제주항공이용하면서 좁은건 비슷했는데 좀 더 편했고
시원했어요 작년에는 10월에이용했는데 넘답답하고 더웠거든요 승무원들도 국내항공이 더친절하고요
또이용하게될수도있을거같아요"
29,"괌공항에서 체크인에 걸리는 시간이 너무 느리네요 ㅠ

의자가 많이 좁은 것 어쩔 수 없네요.

하지만 친절한 승무원님들 덕분에 기분좋게 귀국하였습니다"
30,시간대가 괜찮아서 나고야편엔 제주항공 좋아요. LCC는 한국항공사들이 외국사들에 비해 서비스면에선 단연 우위입니다. 친절하다는 일본에서도 저비용항공사들은 그저그렇고. 제주항공 추천합니다
31,"좌석간격은 다른 저가항공처럼 좁음
화물 운송 무게가 15kg까지라 다른 항공에 비해 적은듯하여 캐리어의 짐 분배에 신경을 써야함.
기내식이 기본항공권에는 없고 추가로 시켜야한다는 점이 특이..."
32,"엄청성수기에가서 저가항공임에도 엄청저렴한가격은 아니었어요 ㅠㅠ
그래도 성수기니까 ㅠㅠㅠ 이해하고 탔습니당

출발때 시간은 잘 지켜졌으나 돌아오는 편은 지연되어서 밖에서 30분대기
항공기안에서 또 대기1시간있었어요 ㅠㅠㅠ
조금 피곤했지만 그래도 새벽비행기라 자면서 대기하긴했슴니당 ㅠㅠ
좁긴하지만 저가항공인거 생각하고타서 그냥감안하고 타서 괜찮았습니다"
33,"가격이싸서 좋긴했는데 좀좁긴하고, 신용카드를 평소에안가지고다니는데 현금5만원권밖에없었는데 면세품살때 뱅기에서 현금 거스름돈이없어서 고생좀했네요ㅠㅠ"
34,"대부분 만족스러웠습니다. 12,000(?)원 짜리 치맥세트 추가했는데, 엄지손가락 두 개 붙인 것 만한 치킨 5~6조각, 330ml 맥주 한 캔 줍니다. 원가는 한 3천원도 안되어 보이는 것을 4~5배 비싸게 폭리를 취합니다. 게다가 약 40분 지연출발하니 엄청 짜증났습니다. 야간 비행기이나 계속 면세품 팔러 다니는 승무원들이 안타까웠습니다. 홍익회마냥 계속 음식도 팔러 다녔고요. 다시는 저가 항공 안타고 싶다는 마음도 들었습니다. 티켓가격이 그리 크게 싸지도 않았네요. 그나마, 비엣젯처럼 항공권 가격부풀리기 신공은 하지 않아 다행입니다."
35,"야간 출발이라 시간은 잘 지켜졌습니다.
별 특별한 점은 없습니다.
비행기 좌석은 매우 좁은편입니다.
영화를 볼 수 있는 모니터도 없어요."
36,"저는 2011년 처음으로 부산 홍콩으로 가는 길에 제주항공이라는 저가항공을 탔습니다. 그 이후로는 다양한 행사가 있었지만 제주항공을 타기란 어려웠습니다. 군대를 전역하고 2016년 7월 즈음에 대만으로 가는 비행기를 타면서 제주항공과 다시 인연을 맺었습니다. 그 때는 리프레시 포인트의 사후 적립을 몰라서 적립을 받지 못했습니다. 이후 오사카 오키나와 도쿄 등등 다양한 취양지를 방문하며 골드 등급으로 승급이 되었습니다. 가장 경쟁력있는 저가항공이라고 생각합니다. 저는 다양한 lcc를 탔지만, 그 중에서 제주항공을 추천하는 것은 에어카페입니다. 자신이 원하는 걸 고를 수 있기 때문에 여행에 큰 도움이 됩니다. 앞으로도 발전이 많이 되었으면 합니다."
37,밤 비행이었는데 출발이 지연되서 좀 피곤했습니다. 그것만 빼면 잘 다녀왔습니다. 밤에 출발해서.. 목베게를 지참하면 참 좋을것 같아요^^
38,"좋았습니다
정학한 시간에 출발 도착 랜딩도 너무너무 부드럽게 하셔서 전혀 불편한게 없었어요
다만 아쉬운건 기내식을 안드셧으면해요
정말 맛이... 차라리 기내에서 파는 라면이나 다른걸 드시는 걸 추천합니다"
39,제주항공으로 마카오를 다녀왔습니다. 기내식이 없지만 오히려 승무원 분들이 서비스에 더욱 신경쓰는 듯하여 오는 내낸 불편함이 없었습니다. 더욱이 출발 도착시간대가 아주 만족스러웠습니다
40,"좌석간 간격 너무 좁음.
제일앞자리 자리당 3만원
프로모션 땜에 욕해도 매번 탐..
좌석간 간격 너무 좁음.
제일앞자리 자리당 3만원
프로모션 땜에 욕해도 매번 탐.."
41,"대구에서 새벽에 출발하는 다낭행 비행기를 탔습니다.
비행기 출발시간 1시간전까지 수속을 해달라고 했으면서... 약 출발시간 30분 전까지 수속을 받더라구요.. 수속하는 게이트가 늦게 열려서.. 늦게까지 수속을 받아주었습니다.
일부로 일찍 도착했었는데도.. 거의 비행기 출발하기 30분 전에야 짐을 보낼수 있었습니다. 거의 1시간이나 기다린것 같아요.. 그것 제외 하고는 괜찮은 비행이었습니다."
42,"제주항공은 국제선으로는 처음 이용했는데요,
국내선은 당연히 기내식 없는 것을 알고 있었지만 국제선까지 없을줄은 몰랐습니다. ㅎㅎ
인천-마카오 구간을 이용했고, 제주항공을 선택한 가장 큰 이유는 부모님을 모시고 가는 여행이라 탑승시간을 중점적으로 고려했습니다.
타 항공사는 아침 일찍, 혹은 저녁 늦게 출발하던데 제주항공은 하루 한편 운행이지만
출국편은 인천에서 오전 11시출발, 귀국편은 마카오에서 오후 3시35분 출발이어서
여유롭게 출국할 수 있어서 시간이 너무 좋더라구요.
돌아오는것도 인천 도착하니까 오후 8시10분 이라 너무 늦지 않으니 좋았습니다.

기내식은 사전예약으로 주문해서 먹었는데요,
출국 : 치맥세트(치킨너겟+하이네켄 1캔), 샐러드(닭가슴살샐러드+드레싱+샌드위치1쪽)
귀국 : 오색비빔밥, 커플세트(샌드위치+불고기덮밥*레드와인1잔+탄산음료1잔)
치킨너겟이 눅눅하다는 평이 있어서 걱정했지만 기내식의 수준으로 꽤 괜찮았고, 다른 메뉴들도 맛있게 먹었습니다.

수화물은 1인 23kg 까지로 여유롭게 이용했습니다.

다음에 마카오 여행 가게되면 또 이용할 예정이에요. ^^"
43,"가격이 저렴하고, 승무원들의 응대는 좋으나, 다른건.......

어차피 이 항공사를 선택하는 것은 가격아니겠습니까?

다른것은 기대하지 마세요~ ㅋ

기내식 없는거 아시죠? 수하물은 15k까지만...
좌석 좁은거 아시죠?
가족여행이었는데, 아들이 6학년이라 이런걸 이해하니 다행이지...
애들 데리고 타면...어떻게 멀 할수 있는게 없답니다...재우는 수 밖에..

승무원들의 태도는 좋았습니다."
44,"인천공항에서는 제주 항공 셀프 체크인이 있는데 부산공항에서는 에어부산만 있더군요. 그래서 좀 줄이 길긴 하지만 부산공항이 작은 편이라 그럭저럭 빨리 들어갑니다.
당연히 기내식 없고요, 물은 잘 나옵니다. 재생컵 쓰는건 좋아보이고 작년엔 연착이 1시간 되었는데 이번에는 10분 이내로 줄어서 다행이었습니다. 단, 여기 항공사 통해서 마일리지 적립하려면 미리 살때 넣어두세요. 느립니다. 아, 마일리지 시용은 다른 제휴사로 바로 사용할 수 있어서 그건 좋습니다."
45,"가격적인 매력으로 선택한 저가항공 입니다.
국적기와 비교는 하지 않아야 합니다. 기내식 없고 물 정도만 줍니다. 수하물도 15kg 입니다. 앞자리를 예약해서 이용했지만 다른 좌석에 비해 조금 넓은 정도 입니다. 기내식은 구매해서 먹을 수 있는데 즉석요리 데워주는 수준 입니다.
호텔도 등급이 있듯이 항공사도 등급이 있습니다. 저가항공을 이용시는 가격이 저렴한 좁은 좌석을 부가 서비스 없이 이용한다고 생각하시면 됩니다."
46,역시 저가항공 기내식 없습니다. 죄석도 무착이나 좁습니다 그렇지만 승무원은 친절합니다 덩치가 큰사람은 저가항공 이용하지마세요 저가항공의 표준입
47,"다시는 이용하고 싶지 않은 항공입니다 5시간이 넘는 비행이었음에도 기내식은 제공되지 않았고 음료 서비스도 물 뿐 이었습니다 콜라나 쥬스를 함께 구비한다고 해서 큰 비용이 들 것 같지 않은데 참 의문이었습니다 다른 항공에 출발 항로를 밀려 한시간 정도의 지연은 다반사였고, 좌석은 필요이상으로 좁았으며 기내 온도는 답답하리만큼 더웠습니다 승무원들 역시 비행기에서 내려 승객 욕을 크게 하는 걸 들었고 출입국 심사에서 우왕좌왕하며 일반줄에 줄을 서는 등 비전문적인 모습을 보였습니다 이정도의 기내 서비스를 감내할만큼 비행이 삯이 싼 것도 아닌 것 같아 이제는 제주항공을 이용하지 않을 생각입니다"
48,평상시에 김포-제주 노선을 타다가 처음으로 서울 방콕 왕복편을 탔습니다. 방콕행은 오전 비행기라 공항에 가는 길이 조금 힘들었네요. 기내식이 없는 걸 알고 공항에서 간단히 아침을 해결하고 물을 구매하고 비행기에 탑승했습니다. 비행기는 저가항공이 사용하는 보잉 737 인 듯 하네요. 비행기는 저가 항공답게 앞좌석과의 간격이 좁았습니다. 크게 기대 안하고 타서 그런지 나쁘지 않았습니다. 승무원들은 나름 친절했고 자리도 생각보다는 편안했습니다. 기내 엔터네이먼트가 없는 것도 미리 준비해 간 아이패드로 해결할 수 있었습니다. 돌아오는 편에는 추가 요금을 내고 넓은 자리를 구매했는데 비행기 맨 앞이라 생각보다 넓지 않았습니다. 다행히 객실 승무원이 미안하다고 뒤에 빈자리로 안내해줘서 누워서 올 수 있었습니다. 재정적으로 부담이 안된다면 4시간 넘어가는 비행기편은 저가 항공을 피하는 것이 좋을 듯 하네요.
49,한시적으로 운영한 클락 아지만 좌석은 저가 중에는 넓으편 대한이나 아시아나도 작은비행기도 자석배치는 같은니 좌석은 같은 다맘 서비스에서 차이나지만 역시 한국은 그다지 차이가 없은 외국항공사는 언어적으로 문제 있지만 영어를 장해도 늦은편이 다반사에 화폐때문에 물건을 못사는 경우가 있는데 국적 항공사는 문제없어서 좋고 제주항공은 특히 5명이 기내에 있어 다른항공사보다 1명이 더있더라구요 서비스가 더 원활한게 되는샘이죠
50,"탑승할 비행기가 오키나와 도착이 늦어져서 출발시간도 약 20분 정도 늦어졌음. 오키나와 올 때는 약 700KM 속도로 비행기가 전혀 흔들리지 않고 순항했는데, 갈 때는 2시간 정도의 비행시간 동안 거의 1시간 30분을 비행기가 흔들렸음. 승무원에게 왜 이렇게 비행기가 흔들리냐며 올 때는 하나도 흔들리지 않았는데 하고 물었더니, 올 때와 갈 때는 기류가 다르지 않냐며 기류때문이라고 함. 하지만 기상은 괜찮았고 기류가 나쁠 때 흔히 보이는 구름 속을 지나가는 것도 아니었음. 그리고 흔들리는 시간이 거의 1시간 30분 동안 정도 차이는 있었지만 비행기가 계속 흔들렸음. 중간에 기장이 900KM로 운항중이라는 멘트를 했는데, 그리고 이륙 후부터 흔들리기 시작한 기체에서 엔진 소리가 심하게 커보였는데, 아무래도 지연 출발하다보니 비행시간을 단축하려고 과속을 하고 과속때문에 비행기 엔진 소음이 커지고 비행기 흔들림도 심해진 것 같음. 도착 후 보니 역시 이 비행기는 다음 스케쥴이 있는 듯, 승객 하선과 함께 연료를 주입하며 다음 스케쥴을 준비중인 것을 목격했음. 기장이 오키나와에 연착했고 이 때문에 지연출발했고 지연출발했어도 도착시간을 맞추기 위해서 안전을 희생해서 과속했다는 생각이 듬. 이 과속으로 비행기는 심하게 흔들렸고 승객들은 불안 내지는 불유쾌하고 안정되지 못한 탑승시간을 보냈음. 비행기는 지연 도착을 회피하여 기장은 회사로부터 벌점을 받지 않았고 해당 비행기의 다음 스케쥴에도 영향을 미치지 않아서 회사가 금전적 손해나 출도착 지연이라는 나쁜 기록도 추가되지 않았을지 모르지만 과속과 불안한 비행으로 인해 약 200명의 승객들은 불유쾌하고 불안한 비행을 했음. 제주에어의 방침이나 이 방침에 순응하는 기장이나 승무원들이 안전이나 승객의 쾌적한 비행보다는 회사의 금전적 이익이나 명성 즉, 조금이라도 출도착 지연을 줄이고 그에 따른 연이은 출도착 지연 (저가항공이다 보니 비행기를 좀 과하게 굴리다보니 한 비행이 연차되면 다음 비행도 계속해서 연착될 것이기 때문에)을 방지하고 그에 따른 회사 손실도 방지하겠다는 생각에 다소 안전을 희생하는 듯한 느낌이 들었음. 너무 과한 비행 스케쥴과 너무 과한 비행기 사용을 하는 저가항공이 이런 식으로 비행스케쥴을 타이트하게 잡고 방침을 세우면 기장이 무리하게 비행을 하고 결국은 언젠가는 사고로 이어질 것이라는 생각을 하게 됨. 제주에어는 이런 사고의 잠재성을 없애기 위한 새로운 방침을 수립하고 연착이나 지연출발에만 너무 연연하지 않고 안전과 비행의 쾌적성에 더 신경쓰는 회사가 되었으면 하는 바램임. 결정적으로 갈 때는 700KM, 올 때는 900KM라는 속도차이가 믿기지 않으며, 갈 때는 700KM 속도로 날아 매우 안정적 비행에 정확한 출도착을 하였음."
51,"아침 7시 15분 출발이었는데 다행히 탑승객들이 제 시간에 와서 정시에 출발했고 삿포로에도 예상보다 20분 일찍 도착했다.일단 모바일탑승권으로 하니까 공항에서 따로 티케팅을 안해도 되는것이 편하고 좋았다.(단, 돌아올때는 모바일탑승권이 불가했다) 서비스는 저가항공이라는 것을 감안하면 대형항공사대비 불편해도 참을만 했다.엔터테인먼트가 부족해서 가는 도중에 매우 심심했다."
52,제주항공을 처음 이용하였는데 최저가항공편이라 편하지는 않았다. 깨끗한 편이고 친절하고 짧은 비행은 추천할만하다. 비행 중에 자기 힘든 사람들은 영화나 책을 가져가서 기내에서 읽으면 더 좋을 것 같다.
53,"12월 20일 회사 퇴근후 바로 인청공항으로 가서 22:25분 비행기를 탔습니다.
밤비행기라 그런지 어린 아이들은 없어서 조용히 가긴했습니다만
너무 피곤하더군요... 좌석이 좁아서 잠자기에 불편하기도 하고.."
54,"다낭가는 밤비행기 탔습니다. 비행기 이륙하자마자 기내식 판매서비스 시작하는데, 라면과 짜장라면을 팔아서 그 냄새가 온 기내에 진동을 합니다. 서비스 시작해서 정리하는데까지 시간도 한참 걸려서 밤비행기임에도 눈붙이기가 힘들었습니다. 냄새도 많이 나구요."
55,"멤버십에 가입하면 제한없이 항공운임의 5%를 정률로 포인트(1포인트=1원) 적립이 가능하고, 10회만 탑승하면 Silver+ 등급이 되어 항상 우선탑승이 가능합니다. 따라서 매주 주기적으로 국내선에 탑승하는 저같은 경우에는 타 항공사가 아닌 제주항공만을 선택하여 이용합니다. 탑승 24시간 전 모바일 체크인을 통해 좌석 지정 및 모바일 항공권 발급 가능합니다. 다만 LCC 특성 상, 아무래도 이륙 및 착륙 시 항공기와 직접 연결된 게이트가 아닌 경우가 많아 버스를 타고 이동해야하는 것은 감안해야합니다. 따라서 어린 유아를 동반하는 경우에는 추천하지 않습니다."
56,"오사카에서 2터널인데 진짜 아무것도 없는데다가 저가 항공만 세개 덩그러니 몰아넣고 식당 달랑 한개여서 줄 서고, 앉을곳도 없어서 바닥에 널부러져있고... 제 비행기는 30분, 그 전 비행기는 기약없이 지연이어서 (제가 출발할때 이미 2시간 지연 ) 난민이 따로 없었어요. 다신 겪고 싶지 않아요..."
57,"앞좌석과의 간격 엄청좁고
기내 너무 더워서 찜통이고
스케줄 다 꼬이고...
기내 공기 너무 안좋음..
저가항공중에서도 별론거같아요"
58,"지난 10년간 전세계 비행기 다 들고 탄 기내용 캐리어도 붙이라고 함.
기내캐리어 규정에 115cm라고 규정되어 있다고 하니 그것도 잘 모르고 있다가 줄자 가지고 와서 재더니 117cm(?)라서 붙여야 된다고 하는 이상한 항공사.
스노우볼 따로 붙여준다고 해서 붙였더니 깨버리고 보상 안해줌.
싸구려를 처음 탔더니 역시 싸구려"
59,"일본-한국 간에 왕래할 일이 자주 있어 여러 LCC를 이용해본 결과, 개인적으로는 제주항공이 다른 LCC사에 비해서 특별히 못난 부분은 없다는 인상을 받았습니다.
그렇다고 다른 LCC사에 비해서 특별히 좋은 부분도 없긴 하지만, LCC에 특별한 서비스를 바라고 타는 것은 아니니까요."
60,"인천발 오사카행 제주항공을 이용해서 오사카로 가족여행 다녀왔습니다.
대체적으로 만족하나 저가항공이 그렇듯 좌석이 좁기에 몸집이 큰 분들은 조금 힘들것같다는
생각이 들었어요.
또한 인천공항에서 체크인하고 비행기 탑승하는 과정 모두 불편없이 진행되었는데
단 간사이 공항에서 저희 가족 체크인 도와준 직원분의 태도가 조금 불편했습니다.
분명 제 이름으로 2개의 짐 추가를 했다고 이야기를 했고 그 확인과정에서 시간이 상당히 오래 걸렸고, 저에게는 짐 추가를 증명할 수 있는 확인서를 보여달라고했는데
제가 그 확인서를 보여주었는데 '네 맞네요'이말 한마디뿐이었습니다. 저는 다른걸 바란것도 아니고 다리 아픈 부모님도 함께 계셨는데 확인이 지연되어, 오래 세워두었는데 확인해줘서 고맙다 라거나 오래 기다리게해서 미안하다 그 흔한 한마디가 없더라구요..
저는 제주항공을 일년에도 몇번씩 애용하는 고객으로 이번 일은 조금.. 안타까워 몇자 적어보았습니다."
61,"김포-제주 라서 비행시간이 짧아 좌석이 좁고 불편한 것은
크게 문제가 되지 않으나(1시간 비행)
최근 지연이 너무 많이 됨.
두 번 왕복하는 동안(네 번의 비행) 제 시간에 출발한 적이 없음...
비행 이후의 일정에 대해서는 여유롭게 잡고 이용해야 할 거 같음."
62,"제주항공 세부왕복 이용해본후기 .. 인간으로서 최소한의 공간은 있어야 4시간을 버티는데 이건 뭐 가슴 명치에서 앞좌석까지 한뼘하고 검지?30cm도 되지 않아요
무릎을 구부리면 짓눌리고 피면 허벅지 저리고 이러지도 저러지도 못하고 4시간 타고왔습니다
사실상 고문같았어요
승무원에게 말씀드리니 ""직접 말씀하시겠습니까?""라고 하시는데 ..이번을 교육으로 다시는 제주항공 이용안합니다
심지어 제주도까지도 안해요 돈줘도 안타요.."
63,"서울에서 제주까지 한시간 거리 비행. 기체는 좁고 가격은 싸고 딱 기대한 만큼의 여행을 할 수 있다. 한국 내에서 국내선은 처음 타보는데, 항공사보다는 항공사를 이용하는 승객들이 종종 야기하는 비매너로 인한 불편이 크다."
64,"기내가 좁은 팬입니다. (3-3좌석)
추가수화물 가격이 비쌉니다. (캐리어 한개당 8만원)
특가항공권일 경우 최대한 짐을 간소화하여 기내캐리어만
이용하는 것을 추천합니다.
우리는 여행사 통하여 항공권을 예약했고 전체 가격이 저렴하여
선택하였는데, 출발요금은 특가여서 무료수화물이 전혀 안되었고
돌아올때는 할인요금이라 그나마 요금은 내지 않았습니다.
그 사실을 출발 전에야 알게 되어 캐리어 두개 값인 총 16만원을
추가로 지불해야했다. 확인을 미처 자세히 하지못한 제불찰이지만
다른 이용자분들은 꼼꼼히 확인하셔서 여행준비하시길 바랍니다.
돌아오는 편 여행시각이 오후였고 아이들 동반에 저녁식사를
못할 것 같아 기내식을 신청했습니다.
불고기덮밥, 리코타치즈샐러드, 치맥셋트 골고루 시켜보았는데
전반적으로 음식맛이 그닥 만족스럽지 않았습니다.
4개의 식사 총 6만원이었는데 차라리 5천원짜리 사발면을
사먹을걸 후회했습니다. 왠만한 음식은 다 잘먹는 편인데
가격대비 맛이 별로여서 실망이었습니다."
65,"당연 친절하다.
뒷자리 꼬마 신사와 숙녀의 무지막지한 발차기와 울음을 참고 인내함에 있어,
자리변경을 문의 하니, 손쉽게 변경 하게 해주었다.
덕분에 여행의 시작이 피곤하지 않을 수 있었다.

전체적으로 무난함"
66,"무인 티켓 발권과 수화물을 처음 이용해봤는데 어르신분들이나 잘 이해하지 못하는분들은 시간이 너무 지체되는것 같습니다.
안내해주시는 직원분이 있지만...그래도 일반 티켓팅과는 차이는 분명히있네요...
제일 아쉬운 점은 나리타 3공항이라 도보로 이동시 꽤 많이 걸어야한다는 점입니다.
다른 서비스는 만족스러웠습니다."
67,처음으로 무료 수화물을 부치면서 치크인완료. 이제 점점 인간이 하는일이 줄어드는듯. 획시적이고 선도적인 서비스지만 무인기기에 대한 사전통보가 티켓을 구매할때는 명기가 안된점이 실망. 티켓 발권해서 짐을부칠때까지 무인화라서 편리한점은 있음. 단점은 아직 수화물스티커을 부치는게 좀 어려움. 초반이기에 도와주는 직원들의 숫자를 늘려주었으면함. 그리고 무인화에 대한 항공료인하도 은근 기대해봄. 기내에 물을 서비스하는것보다 작은 페트병 지급하는게 직원이나 탑승객 둘다 편하지 않을까 하는 생각을함. 그외에 저가항공에 딱맞는 그이상 그이하도 아닌 걸맞는 비행이였음.
68,"제주-후쿠오카 노선이 2주동안만 열린다길래 타봤습니다.
제주에서는 국제선이 다양하지 않아 국제선을 타려면 서울이나 부산으로 가야했거든요.
경유없이 후누오카에 가니 45분 밖에 걸리지않는 짧은 비행이었습니다.
김포공항보다 실제 거리도 가까웠구요.
후쿠오카 처음이라 4박 5일 일정으로 짜서 갔는데
제주-후쿠오카 노선만 생긴다면 정말 맛있는거 먹으러
하루 일정으로 다녀오기에도 너무 좋을듯합니다.
제주-후쿠오카 노선 정기 운항 했으면 좋겠네요!!!"
69,"추석철인데 연착 없이 잘 다녀왔어요. 기내는 그래도 좁지 않은 편이라서 무리 없이 탈수 있는 편이고요
제주항공인데도 아침비행기에 제주공항에서 비행기로 버스타고 이동해서 놀랬지만, 지연없이 잘 탄것이 제일 좋네요"
70,"항공료 저럼하고 친절하고 깨끗하고
좌석도 요금 몇천원만 지불하면 선택가능하고
제주항공 좋습니다. 일본여행은 늘 제주항공을 이용하고 있고
동남아도 제주항공을 가급적 이용하고자 합니다"
71,"승무워은 친절하나 기내공기가 너무 안좋았습니다.
마스크를 쓰고 있어야했고 건조해서 물이 필요했습니다.
기내 온도가 춥거나 덥거나...."
72,저렴하고 연착없이 친절한승무원들서비스를 받으며 즐겁게 이용했습니다. 기체는 조금 오래되어보였지만 좌석이 그리좁지않았습니다.
73,"항공권을 받을때부터 추가금액 관련 좌석에 대한 안내를 먼저 받고,
추가금액없이 좌석을 받으면 불편할 수 밖에 없다는 안내와 그래서 추가금액을 지불하겠느냐는 안내가 굉장히 불쾌했습니다. 권장이 아니라 강요받았습니다.

서울에서는 추가금액을 지불한 수화물에 너무 엄격한 무게제한과 1kg로 초과로 인한 추가금액 지불을 안내받고 너무 불편했습니다.

또한 비행기 이용 중 건강상에 문제에도 판매되는 좌석에 대해 요금을 요구하는 서비스는 굉장한 불필요한 강요였습니다.
제주항공에서는 승객의 위급상황이나 건강문제 관련해서 도움이 필요할시 지불되는 금액없이는 제대로된 서비스가 어려울 거 같습니다.
제주항공은 모든 사항에 추가금액에 대한 안내가 먼저이고 그후 요청이나 사항에 대해서 추가금액 지불에 대한 안내만 받으니 정말 다시는 이용하고 싶지 않습니다.

또한 좌석이 너무 좁음. 앞좌석에서 좌석을 뒤로 접히면 숨을 쉴수 없을정도에 공간을 갖게 됨. 내 얼굴 앞에 앞좌석의 뒷통수를 볼수 있음. 일어서기도 힘들 정도의 좌석 공간임."
74,"x타 LCC 항공사에 비해 만족도는 높음.
이스타나 티웨이 등에 비해 친절함이 더 돋보임.
다만 저가항공이라고 해서 성수기엔 가격 차이도 별로 없는데...
3~4시간짜리 비행에서 간단한 기내식이 준비되었으면 하는 바람이 있음."
75,"하이난 싼야(SYX)발 인천(ICN)행 제주항공 LCC항공이라 기대 없이 탔는데 가격을 생각한다면 괜찮은 여행이었어요. 다만, 전세기라 그런지 야간이라 그런지 좌석이 유독 좁게 느껴졌네요. 인천 도착시간도 예정보다 20여분 빨리 왔지만 많이 피곤 했네요"
76,"항공서비스는 만족스러웠습니다.
기내 승무원분들은 충분히 친절한 서비스를 제공해주셨구요.

아쉬웠던 점은 먼저 제주항공의 시스템이에요.
저는 제주항공이 아닌 다른 여행사를 통해 항공권을 예매했는데
홈페이지나 APP을 통해 예약조회가 제대로 이루어지지 않았습니다.

예약 조회가 되지 않아 돌아오는 비행편에는 사전 수화물 구매를 하지 못했고,
결국 할인 받을 수 있는 기회가 없어져버렸죠. 또한 카드결제가 가능함에도
후쿠오카공항 제주항공카운터의 직원분이 카드 결제를 잘 못하셔서 결국 현금 출금해서 진행했습니다..기내서비스 외적인 부분에서 많은게 아쉬웠습니다."
77,"제주항공은 셀프체크인이 되어서 너무 좋아요!!
다른 항공사 이용시에는 정말 딱 2시간전에 창구오픈이되어서 면세점 구경시간도 촉박하고 인도장이라도 이용시에 불편한데, 셀프체크인으로 체크인 시간단축에~ 창구도 많이 열려서 수화물도 금새 끝내고 면세에서 신나게 쇼핑했어요! 아마 저가항공 탈때는 제주항공만 이용할거같아요!"
78,"인천 출발 편은 30분정도 delay되었다. 직원분들은 비교적 친젗하였고, 탑승하는것도 왕복 전부 문제 없었다.
비행기도 돌아오는편의 기내청소가 잘 안되어서 쓰레기가 좌석앞 포켓에서 나왔다. 그리고 기내서비스 중 팜플렛에서 나오는 아이스크림 풉목은 주문이 불가능하면서도 전혀 설명도 안되있었고, 판매 불가를 주문시에만 알수 있는것은 좀....
가격이 싸서 단구간은 그런대호 사용하는데 전혀 문제없을것 같다.
하지만, 좌석간의 180cm가 넘는 사람은 좀 불편할수 있다. 2시간내의 비행시간정도까지늠 OK!"
79,"체크인 3시간전에 카운터 오픈했는데 인천,부산,무안발 출발시간이 비슷해서 그런지 오픈된 카운터가 많아서 줄이 금방금방 줄어드네요

좌석가격은 FSC랑 비슷한데,기재때문인지 모르겠지만 저가항공 타고나면 이상히 몸이 더피곤합니다 ㅠㅠ 그렇지만 인천에 내려서 광주올려면 또 한세월인걸 생각한다면 너무좋은 선택

무안에 짐 찾고 입국심사 세관통과 집까지 1시간
대박~~~~~~~"
80,"생각보다 좌석 공간이 좁지않았고 승무원들의 서비스 또한 만족스러웠습니다.
저가 항공인 점을 감안하였을때 무척이나 훌륭했다고 생각합니다.
말레이시아 공항의 제주항공 현지직원들도 매우 친절해서 인상 깊었습니다.
저가 항공 특성상 가까운 거리인만큼 기내식 등의 서비스가 거의 없었지만
그밖의 모든 점들이 만족스러웠습니다."
81,기내식 신청한 거 취소하려고 선택하고 취소를 누르는데도 계속 취소하고싶은 부가서비스 선택하라고 뜹니다. 콜센터는 계속 연결 대기중이고요. 결국 취소 못했습니다. 취소나 변경이 너무 어려워요. 그래도 저렴한 가격이 마음에 듭니다.
82,"홍콩공항에서 출발 사인 기다리는데 30분 정도 지연됐습니다
30분 지연된거 제외하고는 모두 만족스러웠습니다
다음에도 이용할 예정입니다"
83,"공항에서 출발사인을 기다리느라 30분정도 딜레이 됐어요
그거 외에는 불만사항 없었습니다
24시간전에 웹체크인으로 자리지정하세요 별도요금없습니다"
84,새벽 1:15분 비행기였지만 20분 지연 안내를 받았습니다. 하지만 실제로 도착시간은 거의 1시간 20분정도 지연됐어요. 보통 새벽비행기는 출근하는 분들이 많이 타시는데 아마 그 생각으로 이 비행기 타셨으면 출근에 지각하셨을 듯 합니다. 정시비행이 필요해보여요.
85,"한국에 LCC중에서는 에어부산과 제주항공을 좋아하고 주로 이용한다. 그러나 제주항공이 몸집이 커지면서 요새는 언제나 어디를 가나 출발시간 30분은 기본 딜레이다. 캐빈도 피곤해 보인다.특히 인천도착편일때 심하다. 기본30분 딜레이에 활주로 줄서는데 30분...이번여름에 홍콩출발 인천, 인천출발 나리타 모두 똑같았다. 앞으로 시간에 신경을 써주었으면 하고 이런경우에는 태워놓고 뭐라도 먹이던가 팔던가 배고프고 성질나고...그냥 물만 계속마시고 계속 배고픔속에서 기다림뿐이다...그래도 여전히 대한민국 저가항공에선 최고다!"
86,"제주 가족여행을 위한 교통편으로 제주항공을 선택하기를 잘 했다는 생각이 듭니다.
직원들도 하나같이 친절하고 성실했던 것으로 기억하고 있습니다.
몸이 불편하신 동네 독거 노인 한 분을 모시고 갔는데 할머니를 위해 가져 갔던 휠 체어를 탑승구 앞까지 가지고 갈 수 있었고 직원 한 분이 나와 따로 실어 주었으며 도착지에서는 다시 가지고 나와 기다려 주었습니다.
출발 단계에서 도착하기까지 전체적 서비스 내용이 매우 유려했고 실로 정성을 다 한다는 느낌을받았습니다."
87,"저렴해서.... 표를 끊기 괜찮습니다.
기내식도 사먹어야하고....물도 사먹어야하고....
그냥 저가항공맞습니다..
좌석도 좁습니다...싼맛에 타는 저가항공 맞습니다."
88,먼저 새벽에 출발하는 비행기 였는데 3시가전 쯤 20분 연착된다고 연락이 왔습니다. 베트남 항공에 대한 기억때문인지 괜찮았어요. 다만 좌석간격은 좀 좁은듯 하더라구여. 저는 맨 앞자리에 추가비용을 지불하였기 때문에 나쁘지 않았어요
89,"가격이 저렴하나 본인같은 경우는 특가나 단체여행으로 구입한것이 아니라 엄청나게 저렴한
비용은 아니었습니다. (상대적으로 저렴).

1시간 정도 연착이 되었고 기내식이 없는것도 사전에 알고있었기에 큰 문제가 되지 않는다고
생각합니다.

다만 비행기 좌석이 엄청 불편합니다.
저가 항공이기에 좁은거는 이해하는데요 여타 다른 저가 항공사에 비교해도
불편합니다. 그냥 앉아있는게 불편한 느낌? 주관적인 평가 일수 있으나
허리가 너무 아픕니다. 오히려 발공간은 넓은 느낌 까지도 받았습니다.
그런데 앉아있는 자세가 고문을 당하는 느낌이라 완전 근거리가 아니면
저는 앞으로는 힘들거 같습니다.

다만 승무원들 서비스는 훌륭했다 생각합니다.
친절하고 정확했습니다."
90,저가항공이라 기내식이 없습니다. 국적기와비교했을때 저렴하나 기내식을 따져보면 가격차이가 별로 않날것같아요 작은비행기라 기체흔들림이 심한편입니다. 2시간이상 되는곳을 가기에는 좀 불안하더라구요 친구들이나 성인만가는거면 괜찮을지모르나 부모님과 어린아이들과 함께가는여행은 비추인것같습니다.
91,"저가항공이다보니 first의 콸러티는 바랄 수 없겠지만...
저가항공의 가성비로서 4시간 정도의 거리는 큰 부담없이 이용이 가능했었다는 생각이 듭니다.
다만 팩키지 여행을 하시는 분들은 저가 항공을 탈때 정말 힘들 수 밖에 없는 것이 이리저리 끌려다니다보면 체력이 고갈^^:: 비행에서 상당히 힘들어지는 경우를 많이 봤습니다.
마지막날은 나름 체력을 비축하면서 노시고 귀국하시길...
참고로 저는 월요일 9시 50분? 비행기로 다낭 현재시 자정에 도착 호이안으로 리조트 예약 렌트로 이동을 하고 금요일 지나 토요일 새벽1:30 비행기로 아주 알차게 보내고 인천공항에 8:00 도착
잠은 잘 잤습니다. 그리고 집에 들러 샤워하고 점심에
서울 삼성동으로 이동한 후 미팅 업무까지....
비행기 시간 선택만 잘하면 자유여행에 저가 항공기 이용하기 나름 좋습니다.
좋은 여행들 되세요."
92,"오사카 왕복 항공료 105,000원(공항이용료등 별도)에 갔다왔어요.
출발시간, 도착시간 정확하고 편하게 잘 다녀왔습니다. 오키나와 이후 두번째 이용인데 매우 만족합니다."
93,"이 비행기는 저가 항공사 지만 항공기자체가 새로산 비행기랑 비슷하게 청결및 실내가 장식되어 있어 일단 만족...물론 앞뒤 자석은 다른 저가 항공사랑 비슷하지난..그래도 나름 좀금은 더 넓은듯...(내 느낌으로만) 승무원 역시 한국,영어,일어 승객을 배려하려는 모습이 그대로 보이며 친절하게 응대해줌..."
94,"제주에어로
김포 제주
제주 김포를 다녀본 결과

착륙이 매끄럽지 못하다

착륙할따 지면에 닿는 느낌이

자동차 과속방지턱을 시속80킬로 달려서 들이 받는 느낌이었음

착륙후 탑승자들간에 일부 소요가 있었다

외국조종사들은 이렇게 안한다느니 대형항공기는 사뿐히 착륙한다느니.

내 생각은
1.제주항공이 저가 항공이다보니
기장들도 저임금으로 뽑아서 착륙 경험이 부족한
조종사로 뽑았음

2. 저임금과 복지로 인재 분노 조절 장애가 있거나 자가용 몰듯이 거칠게 비행기를 운전함

내 예측
1.타이어 금방 닳듯.
2.LA도착 아시아나 항공기처럼 착륙실패로 바퀴부러져서 화재발생 할 수 있음

내견해
1.착륙 스킬에 감각이 있는 조종사로 대체가 필요함"
95,대구에서 힘들게 김해공항까지 갔는데..지연출발...처음에 20분 정도니깐 뭐...했는데 도착하니 2시간 가량 늦게 도착. 호텔에 일부러 1시간 늦게 픽업 요청했는데. 그래도 그분은 1시간을 기다림...여행시작부터 늦어지니 기분이 별로였음.
96,"갈때는 제 시간에 맞게 잘 출발하였고 후쿠오카에서 돌아올 때 20분 정도 지연이 있었다. 수화물이 파손되어 보상을 받았으며, 서비스는 신속하고 적극적인 편이어서 나쁘진 않았다. LCC 는 온전히 가성비로 타는 것이기 때문에 큰 기대는 하지 않는다. 일본이나 중국 비행시간 2시간 이내의 여행에서 가장 큰 빛을 발휘하는게 LCC 아닌가 사는 생각이 든다."
97,여름 인천-삿포로 왕복 비행. 표준적인 LCC 항공사 답게 서비스는 없지만 저렴한 가격에 적당한 시간대의 항공편을 제공한다. 제주도행은 확실히 싸다.
98,"지난달 마닐라 여행을 갔다가 부득이 return 하는 비행 날짜를 앞당기게 되었는데
마닐라 공항 수속 카운터에서 하는 말이 자리가 만석이라 없다며 정 필요하면 기존 요금의
4배의 추가 요금을 별도로 지불하라고해.. 어이가 없었지만 애들이 있어 일단 지불하고
탑승했는데, 비행기 안에 타서보니 정확히 20자리의 빈좌석이 있었습니다.
30년간 비행기를 타며 대한/아시아나는 자리가 있으면 별도의 차지없이 탑승 했었는데
아무리 저가항공이지만 4배 이상의 추가 요금을 자리없다는 핑계로 거짓말을 하며 강매
하는 것은 있을수가 없는 일이지요.. 귀국후 제주 항공에 연락해 얘기했으나 전화도 잘 안되고 자기들의 방침이라는 황당한 말만.. 서비스도 기내포함 최악 !! never be forever.."
99,"LCC답게 많은 걸 바라지 않고 가성비로만 생각하면 괜찮습니다.
홍콩 갈떄는 괜찮았는데 마카오에서 올때 연착이 3시간 되어서 그점이 안타까웠습니다."
